Model,Accuracy,Precision,Recall,F1 Score,AUC-ROC,Training Time (s),TN,FP,FN,TP
XGBoost,1.0,1.0,1.0,1.0,1.0,2.1,19102,0,0,80898
Random Forest,1.0,1.0,1.0,1.0,1.0,5.1,19102,0,0,80898
Logistic Regression,1.0,1.0,1.0,1.0,1.0,6.5,19102,0,0,80898
Gradient Boosting,1.0,1.0,1.0,1.0,1.0,22.3,19102,0,0,80898
FNN (Neural Net),0.99889,0.9986297818760879,1.0,0.999314421241824,0.9998422232868259,12.6,18991,111,0,80898
CNN (1D Conv),0.99894,0.9986914226457952,1.0,0.9993452829489444,0.9999734144576827,195.6,18996,106,0,80898
RNN (LSTM),0.97768,0.9731504871887405,1.0,0.9863925671226864,0.9967478584845118,84.1,16870,2232,0,80898
