Threshold %,Threshold Value,Precision,Recall,F1 Score,Flagged,True Positives,False Positives
90.0,-0.04702192554400591,0.2731288518399772,0.7667,0.402773764807859,28071,7667,20404
95.0,-0.02783605798295972,0.4114497294218171,0.7223,0.5242605697695518,17555,7223,10332
97.5,-0.006669916533988939,0.5427203757225434,0.6009,0.5703302961275627,11072,6009,5063
99.0,0.028836975284424356,0.6322869955156951,0.3384,0.44085461177696716,5352,3384,1968
